Unicode,char
U+0031,1
U+0032,2
U+0034,4
U+0036,6
U+0039,9
U+003F,?
U+2000B,𠀋
U+20D45,𠵅
U+2123D,𡈽
U+22999,𢦙
U+22CE3,𢳣
U+231C3,𣇃
U+2324A,𣉊
U+233D0,𣏐
U+23D0E,𣴎
U+241C6,𤇆
U+242CE,𤋎
U+2437D,𤍽
U+24E30,𩹵
U+24E60,𤹠
U+24FA3,𤾣
U+2564A,𩹵
U+25750,𥝐
U+25877,𥡷
U+25A0,■
U+25A1,□
U+25B2,▲
U+25B3,△
U+25CB,○
U+25CF,●
U+25DA1,𥶡
U+25E2E,𥸮
U+25EF,◯
U+25FFB,𥿻
U+264B3,𦒳
U+266B0,𦚰
U+27752,𧝒
U+28263,𩹵
U+29780,𩞀
U+29DDA,𩷚
U+29E75,𩹵
U+3002,。
U+3005,々
U+3006,〆
U+3007,0
U+300C,「
U+300D,」
U+3031,〱
U+3032,〲
U+303B,〻
U+303D,〽
U+3042,あ
U+3044,い
U+3046,う
U+3048,え
U+304A,お
U+304B,か
U+304C,が
U+304D,き
U+304E,ぎ
U+304F,く
U+3050,ぐ
U+3051,け
U+3052,げ
U+3053,こ
U+3054,ご
U+3055,さ
U+3056,ざ
U+3057,し
U+3058,じ
U+3059,す
U+305A,ず
U+305B,せ
U+305C,ぜ
U+305D,そ
U+305E,ぞ
U+305F,た
U+3060,だ
U+3061,ち
U+3062,ぢ
U+3063,っ
U+3064,つ
U+3065,づ
U+3066,て
U+3067,で
U+3068,と
U+3069,ど
U+306A,な
U+306B,に
U+306C,ぬ
U+306D,ね
U+306E,の
U+306F,は
U+3070,ば
U+3071,ぱ
U+3072,ひ
U+3073,び
U+3074,ぴ
U+3075,ふ
U+3076,ぶ
U+3077,ぷ
U+3078,へ
U+3079,べ
U+307A,ぺ
U+307B,ほ
U+307C,ぼ
U+307D,ぽ
U+307E,ま
U+307F,み
U+3080,む
U+3081,め
U+3082,も
U+3083,ゃ
U+3084,や
U+3085,ゅ
U+3086,ゆ
U+3087,ょ
U+3088,よ
U+3089,ら
U+308A,り
U+308B,る
U+308C,れ
U+308D,ろ
U+308F,わ
U+3090,ゐ
U+3091,ゑ
U+3092,を
U+3093,ん
U+309D,ゝ
U+309E,ゞ
U+309F,ゟ
U+30A1,ァ
U+30A2,ア
U+30A3,ィ
U+30A4,イ
U+30A6,ウ
U+30A8,エ
U+30AA,オ
U+30AB,カ
U+30AC,ガ
U+30AD,キ
U+30AE,ギ
U+30AF,ク
U+30B0,グ
U+30B1,ケ
U+30B2,ゲ
U+30B3,コ
U+30B4,ゴ
U+30B5,サ
U+30B6,ザ
U+30B7,シ
U+30B8,ジ
U+30B9,ス
U+30BA,ズ
U+30BB,セ
U+30BC,ゼ
U+30BD,ソ
U+30BF,タ
U+30C0,ダ
U+30C1,チ
U+30C2,ヂ
U+30C3,ッ
U+30C4,ツ
U+30C5,ヅ
U+30C6,テ
U+30C7,デ
U+30C8,ト
U+30C9,ド
U+30CA,ナ
U+30CB,ニ
U+30CC,ヌ
U+30CD,ネ
U+30CE,ノ
U+30CF,ハ
U+30D0,バ
U+30D1,パ
U+30D2,ヒ
U+30D3,ビ
U+30D4,ピ
U+30D5,フ
U+30D6,ブ
U+30D7,プ
U+30D8,ヘ
U+30D9,ベ
U+30DA,ペ
U+30DB,ホ
U+30DC,ボ
U+30DD,ポ
U+30DE,マ
U+30DF,ミ
U+30E0,ム
U+30E1,メ
U+30E2,モ
U+30E4,ヤ
U+30E6,ユ
U+30E7,ョ
U+30E8,ヨ
U+30E9,ラ
U+30EA,リ
U+30EB,ル
U+30EC,レ
U+30ED,ロ
U+30EF,ワ
U+30F1,ヱ
U+30F2,ヲ
U+30F3,ン
U+30F6,ヶ
U+30FB,・
U+30FC,ー
U+30FD,ヽ
U+30FE,ヾ
U+3280,㊀
U+3281,㊁
U+3282,㊂
U+3283,㊃
U+3284,㊄
U+3402,㐂
U+342B,㐫
U+3479,㑹
U+34B5,㒵
U+34DB,㓛
U+351F,㔟
U+352B,㔫
U+353A,㔺
U+355D,㕝
U+35A7,㖧
U+3634,㘴
U+3691,㚑
U+3761,㝡
U+3836,㠶
U+384C,㡌
U+3863,㡣
U+38F2,㣲
U+3919,㤙
U+3AD6,㫖
U+3B87,㮇
U+3C55,㱕
U+4093,䂓
U+43E3,䏣
U+43FB,䏻
U+4408,䐈
U+4453,䑓
U+4543,䕃
U+4572,䕲
U+4C61,䱡
U+4C99,䲙
U+4E00,一
U+4E01,丁
U+4E03,七
U+4E07,万
U+4E08,丈
U+4E09,三
U+4E0A,上
U+4E0B,下
U+4E0D,不
U+4E0E,与
U+4E11,丑
U+4E12,丒
U+4E14,且
U+4E16,世
U+4E17,丗
U+4E18,丘
U+4E19,丙
U+4E1E,丞
U+4E21,両
U+4E24,两
U+4E26,並
U+4E2A,个
U+4E2D,中
U+4E31,丱
U+4E32,串
U+4E38,丸
U+4E39,丹
U+4E3B,主
U+4E3C,丼
U+4E42,乂
U+4E43,乃
U+4E45,久
U+4E4B,之
U+4E4D,乍
U+4E4E,乎
U+4E4F,乏
U+4E57,乗
U+4E58,乘
U+4E59,乙
U+4E5D,九
U+4E5E,乞
U+4E5F,也
U+4E71,乱
U+4E73,乳
U+4E7E,乾
U+4E80,亀
U+4E82,亂
U+4E86,了
U+4E88,予
U+4E89,争
U+4E8B,事
U+4E8C,二
U+4E8D,亍
U+4E8E,于
U+4E91,云
U+4E92,互
U+4E94,五
U+4E95,井
U+4E98,亘
U+4E99,亙
U+4E9B,些
U+4EA1,亡
U+4EA4,交
U+4EA5,亥
U+4EA6,亦
U+4EA8,亨
U+4EAB,享
U+4EAC,京
U+4EAD,亭
U+4EAE,亮
U+4EBA,人
U+4EC0,什
U+4EC1,仁
U+4EC2,仂
U+4EC6,仆
U+4EC7,仇
U+4ECA,今
U+4ECB,介
U+4ECD,仍
U+4ECF,仏
U+4ED4,仔
U+4ED5,仕
U+4ED6,他
U+4ED7,仗
U+4ED8,付
U+4ED9,仙
U+4EDD,仝
U+4EE3,代
U+4EE4,令
U+4EE5,以
U+4EED,仭
U+4EEE,仮
U+4EF0,仰
U+4EF2,仲
U+4EF6,件
U+4EFB,任
U+4F07,伇
U+4F09,伉
U+4F0A,伊
U+4F0D,伍
U+4F0F,伏
U+4F10,伐
U+4F11,休
U+4F1A,会
U+4F1D,伝
U+4F2F,伯
U+4F31,伱
U+4F34,伴
U+4F38,伸
U+4F3A,伺
U+4F3C,似
U+4F3D,伽
U+4F40,佀
U+4F46,但
U+4F47,佇
U+4F4D,位
U+4F4E,低
U+4F4F,住
U+4F50,佐
U+4F53,体
U+4F55,何
U+4F57,佗
U+4F59,余
U+4F5B,佛
U+4F5C,作
U+4F5E,佞
U+4F69,佩
U+4F73,佳
U+4F75,併
U+4F76,佶
U+4F7F,使
U+4F86,來
U+4F8B,例
U+4F8D,侍
U+4F98,侘
U+4F9B,供
U+4F9D,依
U+4FA0,侠
U+4FA1,価
U+4FAB,侫
U+4FAD,侭
U+4FAE,侮
U+4FAF,侯
U+4FB2,侲
U+4FBF,便
U+4FC2,係
U+4FC3,促
U+4FC4,俄
U+4FCA,俊
U+4FCE,俎
U+4FD7,俗
U+4FD8,俘
U+4FDA,俚
U+4FDD,保
U+4FDF,俟
U+4FE0,俠
U+4FE1,信
U+4FE4,俤
U+4FEE,修
U+4FEF,俯
U+4FF1,俱
U+4FF3,俳
U+4FF5,俵
U+4FF8,俸
U+4FFA,俺
U+5009,倉
U+500B,個
U+500D,倍
U+500F,倏
U+5011,們
U+5012,倒
U+5016,倖
U+5018,倘
U+5019,候
U+501A,倚
U+501F,借
U+5023,倣
U+5024,値
U+5026,倦
U+5029,倩
U+502B,倫
U+502D,倭
U+5030,倰
U+5036,倶
U+5039,倹
U+5047,假
U+5048,偈
U+504F,偏
U+5055,偕
U+5056,偖
U+505A,做
U+505C,停
U+5065,健
U+5074,側
U+5076,偶
U+5078,偸
U+507D,偽
U+5080,傀
U+5085,傅
U+508D,傍
U+5091,傑
U+5098,傘
U+5099,備
U+509A,傚
U+50AC,催
U+50AD,傭
U+50B2,傲
U+50B3,傳
U+50B5,債
U+50B7,傷
U+50BE,傾
U+50C2,僂
U+50C5,僅
U+50C9,僉
U+50CD,働
U+50CF,像
U+50D1,僑
U+50D5,僕
U+50DC,僜
U+50DE,僞
U+50E5,僥
U+50E7,僧
U+50EE,僮
U+50F5,僵
U+50F9,價
U+50FB,僻
U+5100,儀
U+5104,億
U+5109,儉
U+5112,儒
U+5118,儘
U+5121,儡
U+512A,優
U+5132,儲
U+5140,兀
U+5141,允
U+5143,元
U+5144,兄
U+5145,充
U+5146,兆
U+5147,兇
U+5148,先
U+5149,光
U+514A,兊
U+514B,克
U+514C,兌
U+514D,免
U+514E,兎
U+5150,児
U+5152,兒
U+515A,党
U+515C,兜
U+5165,入
U+5168,全
U+5169,兩
U+516A,兪
U+516B,八
U+516C,公
U+516D,六
U+516E,兮
U+5171,共
U+5175,兵
U+5176,其
U+5177,具
U+5178,典
U+517C,兼
U+5185,内
U+5186,円
U+5189,冉
U+518A,冊
U+518C,册
U+518D,再
U+5191,冑
U+5199,写
U+519D,冝
U+51A0,冠
U+51A4,冤
U+51A5,冥
U+51A8,冨
U+51A9,冩
U+51AC,冬
U+51B0,冰
U+51B3,决
U+51B4,冴
U+51B5,况
U+51B6,冶
U+51B7,冷
U+51C4,凄
U+51C6,准
U+51C9,凉
U+51CB,凋
U+51CC,凌
U+51CD,凍
U+51CF,减
U+51DD,凝
U+51E0,几
U+51E1,凡
U+51E2,凢
U+51E6,処
U+51E7,凧
U+51E9,凩
U+51F0,凰
U+51F6,凶
U+51F9,凹
U+51FA,出
U+5200,刀
U+5203,刃
U+5204,刄
U+5205,刅
U+5206,分
U+5207,切
U+5208,刈
U+520A,刊
U+520E,刎
U+5211,刑
U+5215,刕
U+5217,列
U+521D,初
U+5224,判
U+5225,別
U+5227,刧
U+5229,利
U+522A,刪
U+5230,到
U+5236,制
U+5237,刷
U+5239,刹
U+523A,刺
U+523B,刻
U+5243,剃
U+5244,剄
U+5247,則
U+524A,削
U+524B,剋
U+524D,前
U+5256,剖
U+525B,剛
U+5263,剣
U+5264,剤
U+5265,剥
U+5269,剩
U+526A,剪
U+526F,副
U+5270,剰
U+5271,剱
U+5272,割
U+5275,創
U+5284,劄
U+5287,劇
U+5289,劉
U+528D,劍
U+5292,劒
U+5294,劔
U+529B,力
U+529F,功
U+52A0,加
U+52A3,劣
U+52A9,助
U+52AA,努
U+52AB,劫
U+52B1,励
U+52B4,労
U+52B9,効
U+52C3,勃
U+52C5,勅
U+52C7,勇
U+52C9,勉
U+52D5,動
U+52D8,勘
U+52D9,務
U+52DD,勝
U+52DE,勞
U+52DF,募
U+52E2,勢
U+52E4,勤
U+52E6,勦
U+52E7,勧
U+52F2,勲
U+52F3,勳
U+52F5,勵
U+52F8,勸
U+52FA,勺
U+52FE,勾
U+52FF,勿
U+5301,匁
U+5302,匂
U+5305,包
U+5306,匆
U+5315,匕
U+5316,化
U+5317,北
U+5319,匙
U+531C,匜
U+5320,匠
U+5323,匣
U+5339,匹
U+533B,医
U+533F,匿
U+5340,區
U+5341,十
U+5343,千
U+5344,卄
U+5345,卅
U+5347,升
U+5348,午
U+534A,半
U+5351,卑
U+5352,卒
U+5353,卓
U+5354,協
U+5357,南
U+5358,単
U+535A,博
U+535C,卜
U+5360,占
U+5365,卥
U+5366,卦
U+5367,卧
U+5369,卩
U+536F,卯
U+5370,印
U+5371,危
U+5373,即
U+5374,却
U+5375,卵
U+5377,卷
U+5378,卸
U+537F,卿
U+5382,厂
U+5384,厄
U+5398,厘
U+539A,厚
U+539F,原
U+53A0,厠
U+53A8,厨
U+53AD,厭
U+53B3,厳
U+53BB,去
U+53C2,参
U+53C3,參
U+53C8,又
U+53C9,叉
U+53CA,及
U+53CB,友
U+53CC,双
U+53CD,反
U+53CE,収
U+53D4,叔
U+53D6,取
U+53D7,受
U+53D9,叙
U+53DB,叛
U+53DF,叟
U+53E1,叡
U+53E2,叢
U+53E3,口
U+53E4,古
U+53E5,句
U+53E9,叩
U+53EA,只
U+53EB,叫
U+53EC,召
U+53EE,叮
U+53EF,可
U+53F0,台
U+53F1,叱
U+53F2,史
U+53F3,右
U+53F6,叶
U+53F7,号
U+53F8,司
U+5401,吁
U+5403,吃
U+5404,各
U+5408,合
U+5409,吉
U+540A,吊
U+540C,同
U+540D,名
U+540E,后
U+540F,吏
U+5410,吐
U+5411,向
U+541B,君
U+541D,吝
U+541F,吟
U+5420,吠
U+5426,否
U+542B,含
U+542D,吭
U+542E,吮
U+5436,吶
U+5438,吸
U+5439,吹
U+543B,吻
U+543C,吼
U+543E,吾
U+5440,呀
U+5442,呂
U+5446,呆
U+5448,呈
U+5449,呉
U+544A,告
U+5451,呑
U+545F,呟
U+5468,周
U+546A,呪
U+5473,味
U+5475,呵
U+547C,呼
U+547D,命
U+5480,咀
U+5484,咄
U+548B,咋
U+548C,和
U+548E,咎
U+5492,咒
U+54A5,咥
U+54A8,咨
U+54AB,咫
U+54AC,咬
U+54B2,咲
U+54B3,咳
U+54B8,咸
U+54BD,咽
U+54C0,哀
U+54C1,品
U+54C9,哉
U+54E1,員
U+54E2,哢
U+54E5,哥
U+54E9,哩
U+54ED,哭
U+54EE,哮
U+54F2,哲
U+54FD,哽
U+5504,唄
U+5507,唇
U+5510,唐
U+5516,唖
U+552F,唯
U+5531,唱
U+553E,唾
U+5541,啁
U+5544,啄
U+5546,商
U+554C,啌
U+554F,問
U+5553,啓
U+5556,啖
U+5557,啗
U+555C,啜
U+557B,啻
U+557C,啼
U+5583,喃
U+5584,善
U+5589,喉
U+558A,喊
U+558B,喋
U+5598,喘
U+559A,喚
U+559C,喜
U+559D,喝
U+559E,喞
U+559F,喟
U+55A7,喧
U+55A9,喩
U+55AA,喪
U+55AB,喫
U+55AE,單
U+55B0,喰
U+55B6,営
U+55BB,喻
U+55C5,嗅
U+55C7,嗇
U+55D4,嗔
U+55DA,嗚
U+55DC,嗜
U+55DF,嗟
U+55E3,嗣
U+55FD,嗽
U+5606,嘆
U+5608,嘈
U+5609,嘉
U+5617,嘗
U+5618,嘘
U+5629,嘩
U+562F,嘯
U+5632,嘲
U+5638,嘸
U+563B,嘻
U+5640,噀
U+5642,噂
U+564C,噌
U+564E,噎
U+5650,噐
U+5653,噓
U+5668,器
U+566A,噪
U+566B,噫
U+566C,噬
U+5672,噲
U+5674,噴
U+567A,噺
U+5680,嚀
U+56A2,嚢
U+56AE,嚮
U+56B4,嚴
U+56BC,嚼
U+56C0,囀
U+56C1,囁
U+56C2,囂
U+56C3,囃
U+56C9,囉
U+56CA,囊
U+56D3,囓
U+56D8,囘
U+56DA,囚
U+56DB,四
U+56DE,回
U+56E0,因
U+56E3,団
U+56EC,囬
U+56F0,困
U+56F2,囲
U+56F3,図
U+56FA,固
U+56FD,国
U+56FF,囿
U+5703,圃
U+5709,圉
U+570B,國
U+570D,圍
U+5711,圑
U+5712,園
U+5713,圓
U+5716,圖
U+5718,團
U+571F,土
U+5721,圡
U+5728,在
U+572D,圭
U+5730,地
U+5742,坂
U+5747,均
U+574A,坊
U+574F,坏
U+5750,坐
U+5751,坑
U+5761,坡
U+5764,坤
U+5766,坦
U+576A,坪
U+5782,垂
U+57A2,垢
U+57A3,垣
U+57A8,垨
U+57C0,埀
U+57C3,埃
U+57CB,埋
U+57CE,城
U+57D2,埒
U+57D3,埓
U+57D4,埔
U+57DC,埜
U+57DF,域
U+57F5,埵
U+57F7,執
U+57FA,基
U+5800,堀
U+5802,堂
U+5805,堅
U+5806,堆
U+5815,堕
U+5824,堤
U+582A,堪
U+582F,堯
U+5830,堰
U+5831,報
U+5834,場
U+5835,堵
U+583A,堺
U+5840,塀
U+584A,塊
U+5852,塒
U+5854,塔
U+5857,塗
U+585A,塚
U+585E,塞
U+5869,塩
U+5872,塲
U+5875,塵
U+5883,境
U+5885,墅
U+5893,墓
U+5897,増
U+589C,墜
U+58A8,墨
U+58AE,墮
U+58BE,墾
U+58C1,壁
U+58C7,壇
U+58CA,壊
U+58CC,壌
U+58D1,壑
U+58D2,壒
U+58DC,壜
U+58DE,壞
U+58DF,壟
U+58E4,壤
U+58EB,士
U+58EC,壬
U+58EE,壮
U+58EF,壯
U+58F0,声
U+58F1,壱
U+58F2,売
U+58F3,壳
U+58F7,壷
U+58F9,壹
U+58FA,壺
U+58FB,壻
U+58FC,壼
U+58FD,壽
U+5900,夀
U+5909,変
U+590F,夏
U+5915,夕
U+5916,外
U+5919,夙
U+591A,多
U+591B,夛
U+591C,夜
U+5922,夢
U+5925,夥
U+5927,大
U+5929,天
U+592A,太
U+592B,夫
U+592D,夭
U+592E,央
U+592F,夯
U+5931,失
U+5937,夷
U+593E,夾
U+5947,奇
U+5948,奈
U+5949,奉
U+594F,奏
U+5951,契
U+5954,奔
U+5955,奕
U+595A,奚
U+5960,奠
U+5962,奢
U+5965,奥
U+5967,奧
U+596A,奪
U+596E,奮
U+5973,女
U+5974,奴
U+5978,奸
U+597D,好
U+5982,如
U+5983,妃
U+5984,妄
U+598A,妊
U+5993,妓
U+5996,妖
U+5999,妙
U+59A3,妣
U+59A4,妤
U+59A8,妨
U+59AC,妬
U+59B9,妹
U+59BB,妻
U+59BE,妾
U+59C9,姉
U+59CA,姊
U+59CB,始
U+59D1,姑
U+59D2,姒
U+59D3,姓
U+59D4,委
U+59DA,姚
U+59DC,姜
U+59E5,姥
U+59E6,姦
U+59E8,姨
U+59EA,姪
U+59EB,姫
U+59FB,姻
U+59FF,姿
U+5A01,威
U+5A0C,娌
U+5A11,娑
U+5A18,娘
U+5A1F,娟
U+5A23,娣
U+5A25,娥
U+5A2F,娯
U+5A35,娵
U+5A36,娶
U+5A3C,娼
U+5A46,婆
U+5A49,婉
U+5A55,婕
U+5A5A,婚
U+5A62,婢
U+5A66,婦
U+5A6A,婪
U+5A6C,婬
U+5A7F,婿
U+5A92,媒
U+5A9A,媚
U+5A9B,媛
U+5AB1,媱
U+5AB3,媳
U+5AB5,媵
U+5ABD,媽
U+5AC1,嫁
U+5AC9,嫉
U+5ACC,嫌
U+5AD7,嫗
U+5AE1,嫡
U+5AE6,嫦
U+5AE9,嫩
U+5AF0,嫰
U+5AF5,嫵
U+5B09,嬉
U+5B0B,嬋
U+5B16,嬖
U+5B22,嬢
U+5B2C,嬬
U+5B30,嬰
U+5B32,嬲
U+5B36,嬶
U+5B40,孀
U+5B41,孁
U+5B43,孃
U+5B50,子
U+5B51,孑
U+5B54,孔
U+5B55,孕
U+5B57,字
U+5B58,存
U+5B5C,孜
U+5B5D,孝
U+5B5F,孟
U+5B63,季
U+5B64,孤
U+5B66,学
U+5B69,孩
U+5B6B,孫
U+5B70,孰
U+5B78,學
U+5B85,宅
U+5B87,宇
U+5B88,守
U+5B89,安
U+5B8B,宋
U+5B8C,完
U+5B8D,宍
U+5B8F,宏
U+5B95,宕
U+5B97,宗
U+5B98,官
U+5B99,宙
U+5B9A,定
U+5B9B,宛
U+5B9C,宜
U+5B9D,宝
U+5B9F,実
U+5BA2,客
U+5BA3,宣
U+5BA4,室
U+5BA5,宥
U+5BA6,宦
U+5BAE,宮
U+5BB0,宰
U+5BB3,害
U+5BB4,宴
U+5BB5,宵
U+5BB6,家
U+5BB8,宸
U+5BB9,容
U+5BBF,宿
U+5BC2,寂
U+5BC3,寃
U+5BC4,寄
U+5BC5,寅
U+5BC6,密
U+5BC7,寇
U+5BCC,富
U+5BD0,寐
U+5BD2,寒
U+5BD3,寓
U+5BD4,寔
U+5BDB,寛
U+5BDD,寝
U+5BDE,寞
U+5BDF,察
U+5BE1,寡
U+5BE2,寢
U+5BE4,寤
U+5BE6,實
U+5BE7,寧
U+5BE8,寨
U+5BE9,審
U+5BEB,寫
U+5BEE,寮
U+5BF3,寳
U+5BF5,寵
U+5BF6,寶
U+5BF8,寸
U+5BFA,寺
U+5BFE,対
U+5BFF,寿
U+5C01,封
U+5C02,専
U+5C04,射
U+5C05,尅
U+5C06,将
U+5C07,將
U+5C08,專
U+5C09,尉
U+5C0A,尊
U+5C0B,尋
U+5C0D,對
U+5C0E,導
U+5C0F,小
U+5C11,少
U+5C13,尓
U+5C16,尖
U+5C1A,尚
U+5C20,尠
U+5C22,尢
U+5C24,尤
U+5C28,尨
U+5C2D,尭
U+5C31,就
U+5C39,尹
U+5C3A,尺
U+5C3B,尻
U+5C3C,尼
U+5C3D,尽
U+5C3E,尾
U+5C3F,尿
U+5C40,局
U+5C41,屁
U+5C45,居
U+5C46,屆
U+5C48,屈
U+5C4A,届
U+5C4B,屋
U+5C4D,屍
U+5C4E,屎
U+5C4F,屏
U+5C50,屐
U+5C51,屑
U+5C53,屓
U+5C55,展
U+5C5B,屛
U+5C5E,属
U+5C60,屠
U+5C61,屡
U+5C62,屢
U+5C65,履
U+5C69,屩
U+5C6C,屬
U+5C6F,屯
U+5C71,山
U+5C8C,岌
U+5C90,岐
U+5C91,岑
U+5CA1,岡
U+5CA8,岨
U+5CA9,岩
U+5CB1,岱
U+5CB3,岳
U+5CB8,岸
U+5CD9,峙
U+5CE0,峠
U+5CE8,峨
U+5CEF,峯
U+5CF0,峰
U+5CF6,島
U+5CFD,峽
U+5D07,崇
U+5D0E,崎
U+5D11,崑
U+5D14,崔
U+5D16,崖
U+5D19,崙
U+5D29,崩
U+5D50,嵐
U+5D5C,嵜
U+5D69,嵩
U+5D6F,嵯
U+5D8B,嶋
U+5D8C,嶌
U+5DAE,嶮
U+5DBA,嶺
U+5DBC,嶼
U+5DBD,嶽
U+5DCC,巌
U+5DD6,巖
U+5DDD,川
U+5DDE,州
U+5DE1,巡
U+5DE2,巢
U+5DE3,巣
U+5DE5,工
U+5DE6,左
U+5DE7,巧
U+5DE8,巨
U+5DEB,巫
U+5DEE,差
U+5DF1,己
U+5DF2,已
U+5DF3,巳
U+5DF4,巴
U+5DF5,巵
U+5DF7,巷
U+5DFB,巻
U+5DFE,巾
U+5E02,市
U+5E03,布
U+5E06,帆
U+5E0B,帋
U+5E0C,希
U+5E16,帖
U+5E19,帙
U+5E1B,帛
U+5E1D,帝
U+5E25,帥
U+5E2B,師
U+5E2D,席
U+5E2F,帯
U+5E30,帰
U+5E33,帳
U+5E36,帶
U+5E37,帷
U+5E38,常
U+5E3D,帽
U+5E45,幅
U+5E47,幇
U+5E55,幕
U+5E5F,幟
U+5E61,幡
U+5E62,幢
U+5E63,幣
U+5E72,干
U+5E73,平
U+5E74,年
U+5E76,并
U+5E77,幷
U+5E78,幸
U+5E7B,幻
U+5E7C,幼
U+5E7D,幽
U+5E7E,幾
U+5E7F,广
U+5E81,庁
U+5E83,広
U+5E84,庄
U+5E87,庇
U+5E8A,床
U+5E8F,序
U+5E95,底
U+5E96,庖
U+5E97,店
U+5E9A,庚
U+5E9C,府
U+5EA6,度
U+5EA7,座
U+5EAB,庫
U+5EAD,庭
U+5EB5,庵
U+5EB6,庶
U+5EB7,康
U+5EB8,庸
U+5EBB,庻
U+5EC3,廃
U+5EC8,廈
U+5EC9,廉
U+5ECA,廊
U+5ED3,廓
U+5EDF,廟
U+5EE2,廢
U+5EE3,廣
U+5EE9,廩
U+5EEA,廪
U+5EF0,廰
U+5EF1,廱
U+5EF3,廳
U+5EF6,延
U+5EF7,廷
U+5EFA,建
U+5EFB,廻
U+5EFC,廼
U+5EFD,廽
U+5EFE,廾
U+5EFF,廿
U+5F01,弁
U+5F04,弄
U+5F09,弉
U+5F0F,式
U+5F10,弐
U+5F11,弑
U+5F13,弓
U+5F14,弔
U+5F15,引
U+5F16,弖
U+5F17,弗
U+5F18,弘
U+5F1F,弟
U+5F25,弥
U+5F26,弦
U+5F27,弧
U+5F2F,弯
U+5F31,弱
U+5F35,張
U+5F37,強
U+5F3A,强
U+5F3E,弾
U+5F42,彂
U+5F48,彈
U+5F4A,彊
U+5F4C,彌
U+5F4E,彎
U+5F53,当
U+5F59,彙
U+5F62,形
U+5F66,彦
U+5F69,彩
U+5F6B,彫
U+5F6D,彭
U+5F70,彰
U+5F71,影
U+5F73,彳
U+5F77,彷
U+5F79,役
U+5F7C,彼
U+5F7F,彿
U+5F80,往
U+5F81,征
U+5F82,徂
U+5F83,徃
U+5F84,径
U+5F85,待
U+5F89,徉
U+5F8A,徊
U+5F8B,律
U+5F8C,後
U+5F90,徐
U+5F91,徑
U+5F92,徒
U+5F93,従
U+5F97,得
U+5F98,徘
U+5F9C,徜
U+5F9E,從
U+5FA0,徠
U+5FA1,御
U+5FA4,徤
U+5FA8,徨
U+5FA9,復
U+5FAE,微
U+5FB3,徳
U+5FB7,德
U+5FB9,徹
U+5FBD,徽
U+5FC3,心
U+5FC5,必
U+5FCC,忌
U+5FCD,忍
U+5FD7,志
U+5FD8,忘
U+5FD9,忙
U+5FDC,応
U+5FDD,忝
U+5FE0,忠
U+5FEB,快
U+5FF0,忰
U+5FF5,念
U+5FFD,忽
U+5FFF,忿
U+6012,怒
U+6015,怕
U+6016,怖
U+6019,怙
U+601C,怜
U+601D,思
U+6020,怠
U+6021,怡
U+6025,急
U+6027,性
U+6028,怨
U+602A,怪
U+602F,怯
U+6043,恃
U+604B,恋
U+604D,恍
U+6050,恐
U+6052,恒
U+6055,恕
U+6056,恖
U+6059,恙
U+605A,恚
U+605F,恟
U+6060,恠
U+6063,恣
U+6065,恥
U+6068,恨
U+6069,恩
U+606A,恪
U+606D,恭
U+606F,息
U+6070,恰
U+6075,恵
U+6089,悉
U+608B,悋
U+608C,悌
U+608D,悍
U+6092,悒
U+6094,悔
U+6096,悖
U+609F,悟
U+60A0,悠
U+60A3,患
U+60A6,悦
U+60A7,悧
U+60A9,悩
U+60AA,悪
U+60B2,悲
U+60B5,悵
U+60B6,悶
U+60C5,情
U+60C6,惆
U+60C7,惇
U+60D1,惑
U+60DA,惚
U+60DC,惜
U+60DF,惟
U+60E0,惠
U+60E1,惡
U+60E3,惣
U+60EE,惮
U+60F0,惰
U+60F1,惱
U+60F3,想
U+60F9,惹
U+60FA,惺
U+60FB,惻
U+6100,愀
U+6101,愁
U+6108,愈
U+6109,愉
U+610D,愍
U+610F,意
U+6115,愕
U+611A,愚
U+611B,愛
U+611F,感
U+6127,愧
U+613C,愼
U+613D,愽
U+613F,愿
U+6142,慂
U+6144,慄
U+6148,慈
U+614B,態
U+614C,慌
U+614E,慎
U+6155,慕
U+6159,慙
U+615A,慚
U+615D,慝
U+6162,慢
U+6163,慣
U+6165,慥
U+6167,慧
U+6168,慨
U+616B,慫
U+616E,慮
U+6170,慰
U+6173,慳
U+6176,慶
U+617E,慾
U+6182,憂
U+6187,憇
U+618E,憎
U+6190,憐
U+6191,憑
U+6196,憖
U+619A,憚
U+61A4,憤
U+61A9,憩
U+61B2,憲
U+61B6,憶
U+61BE,憾
U+61C7,懇
U+61C8,懈
U+61C9,應
U+61D0,懐
U+61F2,懲
U+61F6,懶
U+61F7,懷
U+61F8,懸
U+61FA,懺
U+61FC,懼
U+6200,戀
U+6208,戈
U+620A,戊
U+620C,戌
U+620E,戎
U+6210,成
U+6211,我
U+6212,戒
U+6216,或
U+621A,戚
U+621B,戛
U+621D,戝
U+621F,戟
U+6226,戦
U+622A,截
U+622E,戮
U+622F,戯
U+6230,戰
U+6232,戲
U+6234,戴
U+6236,戶
U+6238,戸
U+623B,戻
U+623E,戾
U+623F,房
U+6240,所
U+6241,扁
U+6247,扇
U+6248,扈
U+6249,扉
U+624B,手
U+624D,才
U+6251,扑
U+6253,打
U+6255,払
U+6258,托
U+625B,扛
U+6263,扣
U+6268,扨
U+626E,扮
U+6271,扱
U+6276,扶
U+6279,批
U+627E,找
U+627F,承
U+6280,技
U+6284,抄
U+628A,把
U+6291,抑
U+6293,抓
U+6294,抔
U+6295,投
U+6297,抗
U+6298,折
U+629B,抛
U+629C,抜
U+629E,択
U+62A6,抦
U+62AB,披
U+62B1,抱
U+62B5,抵
U+62BC,押
U+62BD,抽
U+62C2,拂
U+62C4,拄
U+62C5,担
U+62C7,拇
U+62C9,拉
U+62CA,拊
U+62CC,拌
U+62CD,拍
U+62D0,拐
U+62D2,拒
U+62D3,拓
U+62D4,拔
U+62D7,拗
U+62D8,拘
U+62D9,拙
U+62DB,招
U+62DC,拜
U+62DD,拝
U+62E0,拠
U+62EC,括
U+62ED,拭
U+62F3,拳
U+62F5,拵
U+62F6,拶
U+62F7,拷
U+62FE,拾
U+62FF,拿
U+6301,持
U+6307,指
U+6309,按
U+630A,挊
U+630C,挌
U+6311,挑
U+6319,挙
U+631F,挟
U+6328,挨
U+632B,挫
U+632F,振
U+633A,挺
U+633D,挽
U+633E,挾
U+633F,挿
U+6349,捉
U+634C,捌
U+634F,捏
U+6350,捐
U+6355,捕
U+635C,捜
U+6367,捧
U+6368,捨
U+636B,捫
U+636E,据
U+6372,捲
U+6376,捶
U+6377,捷
U+637B,捻
U+6383,掃
U+6388,授
U+6389,掉
U+638C,掌
U+6392,排
U+6398,掘
U+639B,掛
U+639F,掟
U+63A0,掠
U+63A1,採
U+63A2,探
U+63A5,接
U+63A8,推
U+63A9,掩
U+63AB,掫
U+63AC,掬
U+63B2,掲
U+63B4,掴
U+63BB,掻
U+63BE,掾
U+63C3,揃
U+63C6,揆
U+63C9,揉
U+63CF,描
U+63D0,提
U+63D2,插
U+63DA,揚
U+63DB,換
U+63E1,握
U+63E9,揩
U+63EE,揮
U+63F4,援
U+63F7,揷
U+63FA,揺
U+640D,損
U+640F,搏
U+6414,搔
U+6416,搖
U+6417,搗
U+641C,搜
U+6426,搦
U+643A,携
U+6442,摂
U+6458,摘
U+645A,摚
U+6460,摠
U+6467,摧
U+6469,摩
U+6478,摸
U+6479,摹
U+647A,摺
U+6483,撃
U+6488,撈
U+6492,撒
U+6493,撓
U+649E,撞
U+64A4,撤
U+64A5,撥
U+64AB,撫
U+64AD,播
U+64AE,撮
U+64B0,撰
U+64B2,撲
U+64B9,撹
U+64C2,擂
U+64C7,擇
U+64CA,擊
U+64CD,操
U+64D2,擒
U+64D4,擔
U+64DA,據
U+64E1,擡
U+64E7,擧
U+64EC,擬
U+64F2,擲
U+64F4,擴
U+6500,攀
U+6518,攘
U+651D,攝
U+652A,攪
U+652B,攫
U+652C,攬
U+652F,支
U+6536,收
U+6537,攷
U+6539,改
U+653B,攻
U+653E,放
U+653F,政
U+6545,故
U+6548,效
U+654E,敎
U+6551,救
U+6556,敖
U+6557,敗
U+6559,教
U+655D,敝
U+6562,敢
U+6563,散
U+6566,敦
U+656C,敬
U+6570,数
U+6572,敲
U+6574,整
U+6575,敵
U+6577,敷
U+6578,數
U+6582,斂
U+6583,斃
U+6587,文
U+6589,斉
U+658E,斎
U+6590,斐
U+6591,斑
U+6597,斗
U+6599,料
U+659B,斛
U+659C,斜
U+659F,斟
U+65A4,斤
U+65A7,斧
U+65AC,斬
U+65AD,断
U+65AF,斯
U+65B0,新
U+65B7,斷
U+65B9,方
U+65BC,於
U+65BD,施
U+65C1,旁
U+65C3,旃
U+65C5,旅
U+65CC,旌
U+65CF,族
U+65D7,旗
U+65E0,无
U+65E2,既
U+65E5,日
U+65E6,旦
U+65E7,旧
U+65E8,旨
U+65E9,早
U+65EC,旬
U+65ED,旭
U+6602,昂
U+6606,昆
U+6607,昇
U+660C,昌
U+660E,明
U+660F,昏
U+6613,易
U+6614,昔
U+661F,星
U+6620,映
U+6625,春
U+6627,昧
U+6628,昨
U+662D,昭
U+662F,是
U+6634,昴
U+663C,昼
U+6642,時
U+6643,晃
U+664B,晋
U+6652,晒
U+665D,晝
U+665E,晞
U+6666,晦
U+6668,晨
U+6669,晩
U+666E,普
U+666F,景
U+6674,晴
U+6676,晶
U+667A,智
U+6681,暁
U+6684,暄
U+6687,暇
U+6691,暑
U+6696,暖
U+6697,暗
U+66A6,暦
U+66AB,暫
U+66AE,暮
U+66B4,暴
U+66B9,暹
U+66C6,曆
U+66C7,曇
U+66C9,曉
U+66D9,曙
U+66DA,曚
U+66DC,曜
U+66DD,曝
U+66E0,曠
U+66F0,曰
U+66F2,曲
U+66F3,曳
U+66F4,更
U+66F8,書
U+66F9,曹
U+66FC,曼
U+66FD,曽
U+66FE,曾
U+66FF,替
U+6700,最
U+6703,會
U+6708,月
U+6709,有
U+670B,朋
U+670D,服
U+6714,朔
U+6715,朕
U+6717,朗
U+671B,望
U+671D,朝
U+671F,期
U+6726,朦
U+6727,朧
U+6728,木
U+672A,未
U+672B,末
U+672C,本
U+672D,札
U+672E,朮
U+6731,朱
U+6734,朴
U+6736,朶
U+673A,机
U+673D,朽
U+6749,杉
U+674E,李
U+674F,杏
U+6750,材
U+6751,村
U+6753,杓
U+6756,杖
U+6759,杙
U+675C,杜
U+675E,杞
U+675F,束
U+6760,杠
U+6761,条
U+6762,杢
U+6763,杣
U+6765,来
U+6766,杦
U+676D,杭
U+676F,杯
U+6771,東
U+6772,杲
U+6773,杳
U+6775,杵
U+6777,杷
U+677C,杼
U+677E,松
U+677F,板
U+6787,枇
U+678B,枋
U+6795,枕
U+6797,林
U+679A,枚
U+679C,果
U+679D,枝
U+67A1,枡
U+67A9,枩
U+67AF,枯
U+67B2,枲
U+67B4,枴
U+67B6,架
U+67B7,枷
U+67B8,枸
U+67C4,柄
U+67CA,柊
U+67CF,柏
U+67D0,某
U+67D1,柑
U+67D3,染
U+67D4,柔
U+67D8,柘
U+67DA,柚
U+67E4,柤
U+67E9,柩
U+67EC,柬
U+67EF,柯
U+67F1,柱
U+67F3,柳
U+67F4,柴
U+67F5,柵
U+67F9,柹
U+67FB,査
U+67FE,柾
U+67FF,柿
U+6801,栁
U+6803,栃
U+6804,栄
U+6816,栖
U+6817,栗
U+681D,栝
U+6821,校
U+6822,栢
U+682A,株
U+682B,栫
U+6832,栲
U+6838,核
U+6839,根
U+683C,格
U+683D,栽
U+6840,桀
U+6841,桁
U+6842,桂
U+6843,桃
U+6848,案
U+6850,桐
U+6851,桑
U+6852,桒
U+6853,桓
U+6854,桔
U+685C,桜
U+685D,桝
U+685F,桟
U+6867,桧
U+6874,桴
U+6876,桶
U+687E,桾
U+687F,桿
U+6881,梁
U+6885,梅
U+6893,梓
U+6894,梔
U+6897,梗
U+689D,條
U+689F,梟
U+68A2,梢
U+68A6,梦
U+68A7,梧
U+68A8,梨
U+68AD,梭
U+68AF,梯
U+68B0,械
U+68B3,梳
U+68B5,梵
U+68B6,梶
U+68BA,梺
U+68BC,梼
U+68C4,棄
U+68C9,棉
U+68CA,棊
U+68CD,棍
U+68D0,棐
U+68D2,棒
U+68D7,棗
U+68D8,棘
U+68DA,棚
U+68DF,棟
U+68E0,棠
U+68E7,棧
U+68EE,森
U+68F2,棲
U+68F9,棹
U+68FA,棺
U+6900,椀
U+6905,椅
U+690B,椋
U+690D,植
U+690E,椎
U+6912,椒
U+6919,椙
U+691C,検
U+6939,椹
U+693D,椽
U+693F,椿
U+6942,楂
U+694A,楊
U+6951,楑
U+6953,楓
U+6959,楙
U+695A,楚
U+695C,楜
U+695D,楝
U+6960,楠
U+6961,楡
U+696A,楪
U+696B,楫
U+696D,業
U+696F,楯
U+6974,楴
U+6975,極
U+697C,楼
U+697D,楽
U+6982,概
U+698A,榊
U+698E,榎
U+6991,榑
U+6995,榕
U+699B,榛
U+69A7,榧
U+69AA,榪
U+69AE,榮
U+69B4,榴
U+69BE,榾
U+69BF,榿
U+69C1,槁
U+69C3,槃
U+69C7,槇
U+69CB,構
U+69CC,槌
U+69CD,槍
U+69CE,槎
U+69D6,槖
U+69D7,槗
U+69D8,様
U+69D9,槙
U+69DB,槛
U+69E9,槩
U+69EA,槪
U+69EB,槫
U+69F3,槳
U+69F9,槹
U+69FF,槿
U+6A02,樂
U+6A0A,樊
U+6A0B,樋
U+6A12,樒
U+6A13,樓
U+6A14,樔
U+6A19,標
U+6A1F,樟
U+6A21,模
U+6A23,樣
U+6A29,権
U+6A2A,横
U+6A39,樹
U+6A3A,樺
U+6A3D,樽
U+6A47,橇
U+6A4B,橋
U+6A58,橘
U+6A59,橙
U+6A5F,機
U+6A61,橡
U+6A66,橦
U+6A80,檀
U+6A8B,檋
U+6A8D,檍
U+6A8E,檎
U+6A90,檐
U+6A97,檗
U+6A9C,檜
U+6AA2,檢
U+6ABB,檻
U+6AC2,櫂
U+6AC3,櫃
U+6AD3,櫓
U+6ADA,櫚
U+6ADB,櫛
U+6AE8,櫨
U+6AFA,櫺
U+6AFB,櫻
U+6B0A,權
U+6B1D,欝
U+6B20,欠
U+6B21,次
U+6B23,欣
U+6B27,欧
U+6B2C,欬
U+6B32,欲
U+6B3A,欺
U+6B3D,欽
U+6B3E,款
U+6B47,歇
U+6B4C,歌
U+6B4E,歎
U+6B53,歓
U+6B5B,歛
U+6B5F,歟
U+6B61,歡
U+6B62,止
U+6B63,正
U+6B64,此
U+6B66,武
U+6B69,歩
U+6B6F,歯
U+6B73,歳
U+6B74,歴
U+6B78,歸
U+6B79,歹
U+6B7B,死
U+6B86,殆
U+6B8A,殊
U+6B8B,残
U+6B96,殖
U+6B98,殘
U+6B9E,殞
U+6BAF,殯
U+6BB5,段
U+6BB7,殷
U+6BBA,殺
U+6BBB,殻
U+6BBC,殼
U+6BBD,殽
U+6BBF,殿
U+6BC0,毀
U+6BC6,毆
U+6BCB,毋
U+6BCD,母
U+6BCE,毎
U+6BD2,毒
U+6BD4,比
U+6BD8,毘
U+6BDB,毛
U+6BDF,毟
U+6BEB,毫
U+6BEC,毬
U+6BEF,毯
U+6C08,氈
U+6C0A,氊
U+6C0F,氏
U+6C11,民
U+6C17,気
U+6C23,氣
U+6C34,水
U+6C37,氷
U+6C38,永
U+6C40,汀
U+6C41,汁
U+6C42,求
U+6C50,汐
U+6C57,汗
U+6C5A,汚
U+6C5D,汝
U+6C5F,江
U+6C60,池
U+6C70,汰
U+6C72,汲
U+6C76,汶
U+6C7A,決
U+6C7E,汾
U+6C83,沃
U+6C88,沈
U+6C90,沐
U+6C92,沒
U+6C93,沓
U+6C96,沖
U+6C99,沙
U+6CA1,没
U+6CA2,沢
U+6CAB,沫
U+6CB3,河
U+6CB8,沸
U+6CB9,油
U+6CBB,治
U+6CBC,沼
U+6CBD,沽
U+6CBF,沿
U+6CC1,況
U+6CC4,泄
U+6CC5,泅
U+6CC9,泉
U+6CCA,泊
U+6CD4,泔
U+6CD5,法
U+6CDD,泝
U+6CE1,泡
U+6CE2,波
U+6CE3,泣
U+6CE5,泥
U+6CE8,注
U+6CEA,泪
U+6CF0,泰
U+6CF3,泳
U+6CFB,泻
U+6D0B,洋
U+6D12,洒
U+6D17,洗
U+6D1B,洛
U+6D1E,洞
U+6D25,津
U+6D29,洩
U+6D2A,洪
U+6D32,洲
U+6D3B,活
U+6D3E,派
U+6D41,流
U+6D44,浄
U+6D45,浅
U+6D5A,浚
U+6D5C,浜
U+6D65,浥
U+6D66,浦
U+6D69,浩
U+6D6A,浪
U+6D6E,浮
U+6D74,浴
U+6D77,海
U+6D78,浸
U+6D85,涅
U+6D88,消
U+6D8C,涌
U+6D8E,涎
U+6D95,涕
U+6D99,涙
U+6DAF,涯
U+6DB2,液
U+6DB8,涸
U+6DBC,涼
U+6DBF,涿
U+6DC0,淀
U+6DCB,淋
U+6DDA,淚
U+6DE1,淡
U+6DE8,淨
U+6DEA,淪
U+6DEB,淫
U+6DF1,深
U+6DF3,淳
U+6DF5,淵
U+6DF7,混
U+6DF9,淹
U+6DFA,淺
U+6DFB,添
U+6E05,清
U+6E07,渇
U+6E08,済
U+6E09,渉
U+6E0A,渊
U+6E0B,渋
U+6E13,渓
U+6E15,渕
U+6E1A,渚
U+6E1B,減
U+6E1F,渟
U+6E20,渠
U+6E21,渡
U+6E23,渣
U+6E24,渤
U+6E26,渦
U+6E29,温
U+6E2C,測
U+6E2D,渭
U+6E2F,港
U+6E38,游
U+6E3A,渺
U+6E3E,渾
U+6E4A,湊
U+6E56,湖
U+6E5B,湛
U+6E67,湧
U+6E6F,湯
U+6E7E,湾
U+6E7F,湿
U+6E80,満
U+6E8F,溏
U+6E90,源
U+6E99,溙
U+6E9C,溜
U+6E9D,溝
U+6EA2,溢
U+6EAA,溪
U+6EAB,溫
U+6EBA,溺
U+6EC4,滄
U+6EC5,滅
U+6ECB,滋
U+6ED1,滑
U+6ED3,滓
U+6EDD,滝
U+6EDE,滞
U+6EF4,滴
U+6EF8,滸
U+6EFF,滿
U+6F01,漁
U+6F02,漂
U+6F06,漆
U+6F09,漉
U+6F0F,漏
U+6F14,演
U+6F15,漕
U+6F20,漠
U+6F22,漢
U+6F23,漣
U+6F2B,漫
U+6F2C,漬
U+6F32,漲
U+6F38,漸
U+6F3B,漻
U+6F3F,漿
U+6F45,潅
U+6F51,潑
U+6F54,潔
U+6F5B,潛
U+6F5C,潜
U+6F5F,潟
U+6F64,潤
U+6F66,潦
U+6F6E,潮
U+6F6F,潯
U+6F70,潰
U+6F78,潸
U+6F81,澁
U+6F84,澄
U+6FA1,澡
U+6FA4,澤
U+6FB3,澳
U+6FC0,激
U+6FC1,濁
U+6FC2,濂
U+6FC3,濃
U+6FD5,濕
U+6FDF,濟
U+6FE1,濡
U+6FE4,濤
U+6FEB,濫
U+6FEF,濯
U+6FF1,濱
U+6FF5,濵
U+7009,瀉
U+7011,瀑
U+7027,瀧
U+702C,瀬
U+7030,瀰
U+704C,灌
U+7058,灘
U+706B,火
U+706F,灯
U+7070,灰
U+7075,灵
U+7078,灸
U+707D,災
U+7089,炉
U+708A,炊
U+708E,炎
U+7092,炒
U+7099,炙
U+70AC,炬
U+70AD,炭
U+70AE,炮
U+70B3,炳
U+70B7,炷
U+70B9,点
U+70BA,為
U+70C8,烈
U+70CF,烏
U+70D9,烙
U+70DF,烟
U+70EE,烮
U+70F9,烹
U+7109,焉
U+7114,焔
U+7119,焙
U+711A,焚
U+7121,無
U+7126,焦
U+7136,然
U+713C,焼
U+7146,煆
U+7149,煉
U+714E,煎
U+7151,煑
U+7156,煖
U+7159,煙
U+7164,煤
U+7165,煥
U+7167,照
U+7169,煩
U+716C,煬
U+716E,煮
U+717B,煻
U+717D,煽
U+7187,熇
U+718A,熊
U+719F,熟
U+71A8,熨
U+71AC,熬
U+71B1,熱
U+71BE,熾
U+71C3,燃
U+71C8,燈
U+71D2,燒
U+71D5,燕
U+71D7,燗
U+71DF,營
U+71E0,燠
U+71E5,燥
U+71E7,燧
U+71ED,燭
U+71F5,燵
U+71FC,燼
U+71FF,燿
U+7208,爈
U+7210,爐
U+721B,爛
U+7228,爨
U+722A,爪
U+722C,爬
U+722D,爭
U+7230,爰
U+7232,爲
U+7235,爵
U+7236,父
U+7239,爹
U+723A,爺
U+723C,爼
U+723D,爽
U+723E,爾
U+7240,牀
U+7246,牆
U+7247,片
U+7248,版
U+724C,牌
U+7252,牒
U+7259,牙
U+725B,牛
U+725D,牝
U+7261,牡
U+7262,牢
U+7267,牧
U+7269,物
U+7279,特
U+727D,牽
U+7280,犀
U+7287,犇
U+72A0,犠
U+72A2,犢
U+72AC,犬
U+72AF,犯
U+72B6,状
U+72C2,狂
U+72C4,狄
U+72CE,狎
U+72D0,狐
U+72D7,狗
U+72D9,狙
U+72DB,狛
U+72E9,狩
U+72EC,独
U+72ED,狭
U+72F0,狰
U+72F7,狷
U+72F8,狸
U+72F9,狹
U+72FB,狻
U+72FC,狼
U+72FD,狽
U+731B,猛
U+731C,猜
U+731F,猟
U+7325,猥
U+7328,猨
U+7329,猩
U+732A,猪
U+732B,猫
U+732E,献
U+7334,猴
U+7336,猶
U+733F,猿
U+7344,獄
U+7345,獅
U+734F,獏
U+7363,獣
U+7368,獨
U+736C,獬
U+7370,獰
U+7372,獲
U+7375,獵
U+7378,獸
U+737A,獺
U+737B,獻
U+7384,玄
U+7387,率
U+7389,玉
U+738B,王
U+7396,玖
U+73A9,玩
U+73B2,玲
U+73CA,珊
U+73CD,珍
U+73CE,珎
U+73E0,珠
U+73EA,珪
U+73ED,班
U+73FE,現
U+7403,球
U+7406,理
U+7409,琉
U+7422,琢
U+742B,琫
U+7433,琳
U+7434,琴
U+7435,琵
U+7436,琶
U+7455,瑕
U+7459,瑙
U+745A,瑚
U+745E,瑞
U+7460,瑠
U+7463,瑣
U+746A,瑪
U+7483,璃
U+74A7,璧
U+74B0,環
U+74BD,璽
U+74CA,瓊
U+74CF,瓏
U+74DC,瓜
U+74E0,瓠
U+74E2,瓢
U+74E6,瓦
U+74EE,瓮
U+74F6,瓶
U+7500,甀
U+750D,甍
U+7511,甑
U+7515,甕
U+7518,甘
U+751A,甚
U+751C,甜
U+751E,甞
U+751F,生
U+7523,産
U+7525,甥
U+7528,用
U+752B,甫
U+7530,田
U+7531,由
U+7532,甲
U+7533,申
U+7537,男
U+753A,町
U+753B,画
U+7544,畄
U+754A,畊
U+754B,畋
U+754C,界
U+754F,畏
U+7551,畑
U+7552,畒
U+7554,畔
U+7559,留
U+755A,畚
U+755C,畜
U+755D,畝
U+7560,畠
U+7562,畢
U+7565,略
U+7566,畦
U+7567,畧
U+756A,番
U+756B,畫
U+7570,異
U+7573,畳
U+7576,當
U+7577,畷
U+7578,畸
U+757E,畾
U+757F,畿
U+7582,疂
U+7587,疇
U+758A,疊
U+758B,疋
U+758E,疎
U+7591,疑
U+759D,疝
U+75A3,疣
U+75AB,疫
U+75B1,疱
U+75B2,疲
U+75B3,疳
U+75B5,疵
U+75B9,疹
U+75BE,疾
U+75C5,病
U+75C7,症
U+75CD,痍
U+75D2,痒
U+75D5,痕
U+75D8,痘
U+75DB,痛
U+75DE,痞
U+75E2,痢
U+75E3,痣
U+75E4,痤
U+75E9,痩
U+75F0,痰
U+75F4,痴
U+75FF,痿
U+7616,瘖
U+761E,瘞
U+761F,瘟
U+7621,瘡
U+7624,瘤
U+7627,瘧
U+7630,瘰
U+7642,療
U+7647,癇
U+7648,癈
U+7652,癒
U+7656,癖
U+7661,癡
U+7669,癩
U+766A,癪
U+7678,癸
U+767A,発
U+767B,登
U+767C,發
U+767D,白
U+767E,百
U+7682,皂
U+7683,皃
U+7684,的
U+7686,皆
U+7687,皇
U+7688,皈
U+76AE,皮
U+76B7,皷
U+76B9,皹
U+76BA,皺
U+76BF,皿
U+76C2,盂
U+76C3,盃
U+76C6,盆
U+76C8,盈
U+76CA,益
U+76D2,盒
U+76D6,盖
U+76D7,盗
U+76DB,盛
U+76DC,盜
U+76DE,盞
U+76DF,盟
U+76E1,盡
U+76E3,監
U+76E4,盤
U+76E5,盥
U+76E7,盧
U+76EE,目
U+76F2,盲
U+76F4,直
U+76F8,相
U+76FE,盾
U+7701,省
U+7707,眇
U+7709,眉
U+770B,看
U+770C,県
U+771B,眛
U+771E,眞
U+771F,真
U+7720,眠
U+7724,眤
U+7726,眦
U+7729,眩
U+7737,眷
U+7738,眸
U+773A,眺
U+773C,眼
U+7740,着
U+775A,睚
U+775C,睜
U+7761,睡
U+7762,睢
U+7763,督
U+7766,睦
U+7768,睨
U+776A,睪
U+777E,睾
U+778B,瞋
U+77AA,瞪
U+77AC,瞬
U+77B3,瞳
U+77BB,瞻
U+77BC,瞼
U+77BF,瞿
U+77DA,矚
U+77DB,矛
U+77E2,矢
U+77E3,矣
U+77E5,知
U+77E9,矩
U+77ED,短
U+77F3,石
U+7802,砂
U+780C,砌
U+780D,砍
U+7814,研
U+7815,砕
U+7825,砥
U+7827,砧
U+7832,砲
U+7834,破
U+783A,砺
U+786B,硫
U+786F,硯
U+7881,碁
U+788C,碌
U+788E,碎
U+7891,碑
U+7893,碓
U+7897,碗
U+78A7,碧
U+78BA,確
U+78C1,磁
U+78D0,磐
U+78E4,磤
U+78E8,磨
U+78EF,磯
U+78FD,磽
U+7912,礒
U+7919,礙
U+792B,礫
U+792C,礬
U+793A,示
U+793C,礼
U+793E,社
U+7940,祀
U+7947,祇
U+7948,祈
U+7950,祐
U+7953,祓
U+7955,祕
U+7956,祖
U+7957,祗
U+795A,祚
U+795D,祝
U+795E,神
U+795F,祟
U+7960,祠
U+7962,祢
U+7965,祥
U+796D,祭
U+7977,祷
U+797F,祿
U+7980,禀
U+7981,禁
U+7984,禄
U+7985,禅
U+798A,禊
U+798D,禍
U+798F,福
U+79A6,禦
U+79AA,禪
U+79AE,禮
U+79B0,禰
U+79B1,禱
U+79B9,禹
U+79BB,离
U+79BD,禽
U+79BF,禿
U+79C0,秀
U+79C1,私
U+79C9,秉
U+79CB,秋
U+79D1,科
U+79D8,秘
U+79DF,租
U+79E1,秡
U+79E3,秣
U+79E4,秤
U+79E6,秦
U+79E7,秧
U+79E9,秩
U+79EC,秬
U+79F0,称
U+79FB,移
U+7A00,稀
U+7A0B,程
U+7A0D,稍
U+7A0E,税
U+7A14,稔
U+7A17,稗
U+7A1A,稚
U+7A1C,稜
U+7A20,稠
U+7A2E,種
U+7A31,稱
U+7A32,稲
U+7A37,稷
U+7A3B,稻
U+7A3C,稼
U+7A3D,稽
U+7A3E,稾
U+7A3F,稿
U+7A40,穀
U+7A42,穂
U+7A49,穉
U+7A4D,積
U+7A4F,穏
U+7A57,穗
U+7A62,穢
U+7A6A,穪
U+7A74,穴
U+7A76,究
U+7A79,穹
U+7A7A,空
U+7A7F,穿
U+7A81,突
U+7A82,窂
U+7A83,窃
U+7A88,窈
U+7A93,窓
U+7A95,窕
U+7A97,窗
U+7A9F,窟
U+7AA9,窩
U+7AAA,窪
U+7AAE,窮
U+7AB6,窶
U+7AB9,窹
U+7ABA,窺
U+7ABB,窻
U+7AC3,竃
U+7AC4,竄
U+7AC5,竅
U+7AC8,竈
U+7ACA,竊
U+7ACB,立
U+7AD2,竒
U+7ADC,竜
U+7ADD,竝
U+7ADF,竟
U+7AE0,章
U+7AE5,童
U+7AEA,竪
U+7AED,竭
U+7AEF,端
U+7AF6,競
U+7AF9,竹
U+7AFA,竺
U+7AFF,竿
U+7B04,笄
U+7B06,笆
U+7B0A,笊
U+7B0B,笋
U+7B0F,笏
U+7B11,笑
U+7B18,笘
U+7B19,笙
U+7B1B,笛
U+7B1E,笞
U+7B20,笠
U+7B25,笥
U+7B26,符
U+7B27,笧
U+7B2C,第
U+7B39,笹
U+7B46,筆
U+7B48,筈
U+7B49,等
U+7B4B,筋
U+7B4C,筌
U+7B4D,筍
U+7B4E,筎
U+7B4F,筏
U+7B50,筐
U+7B51,筑
U+7B52,筒
U+7B54,答
U+7B56,策
U+7B65,筥
U+7B67,筧
U+7B6C,筬
U+7B6D,筭
U+7B6E,筮
U+7B72,筲
U+7B75,筵
U+7B86,箆
U+7B87,箇
U+7B8F,箏
U+7B92,箒
U+7B94,箔
U+7B95,箕
U+7B97,算
U+7B99,箙
U+7BA1,管
U+7BAA,箪
U+7BAD,箭
U+7BB1,箱
U+7BB4,箴
U+7BB8,箸
U+7BC0,節
U+7BC4,範
U+7BC6,篆
U+7BC7,篇
U+7BC9,築
U+7BD7,篗
U+7BE0,篠
U+7BE4,篤
U+7BE6,篦
U+7BE9,篩
U+7BED,篭
U+7BF7,篷
U+7BFC,篼
U+7C00,簀
U+7C0D,簍
U+7C11,簑
U+7C12,簒
U+7C13,簓
U+7C14,簔
U+7C17,簗
U+7C1F,簟
U+7C21,簡
U+7C2A,簪
U+7C3E,簾
U+7C3F,簿
U+7C43,籃
U+7C46,籆
U+7C4D,籍
U+7C4F,籏
U+7C54,籔
U+7C5F,籟
U+7C60,籠
U+7C69,籩
U+7C6C,籬
U+7C73,米
U+7C7E,籾
U+7C82,粂
U+7C83,粃
U+7C89,粉
U+7C8B,粋
U+7C92,粒
U+7C94,粔
U+7C95,粕
U+7C97,粗
U+7C98,粘
U+7C9F,粟
U+7CA4,粤
U+7CA5,粥
U+7CA7,粧
U+7CAE,粮
U+7CB2,粲
U+7CB3,粳
U+7CB9,粹
U+7CBD,粽
U+7CBE,精
U+7CC0,糀
U+7CC4,糄
U+7CCA,糊
U+7CD2,糒
U+7CD5,糕
U+7CD6,糖
U+7CDC,糜
U+7CDD,糝
U+7CDE,糞
U+7CDF,糟
U+7CE0,糠
U+7CE7,糧
U+7CEB,糫
U+7CEF,糯
U+7CF6,糶
U+7CF8,糸
U+7CFA,糺
U+7CFB,系
U+7D00,紀
U+7D02,紂
U+7D04,約
U+7D05,紅
U+7D0A,紊
U+7D0B,紋
U+7D0D,納
U+7D10,紐
U+7D14,純
U+7D17,紗
U+7D19,紙
U+7D1A,級
U+7D1B,紛
U+7D20,素
U+7D21,紡
U+7D22,索
U+7D2B,紫
U+7D2C,紬
U+7D2F,累
U+7D30,細
U+7D35,紵
U+7D39,紹
U+7D3A,紺
U+7D42,終
U+7D43,絃
U+7D44,組
U+7D45,絅
U+7D46,絆
U+7D4C,経
U+7D50,結
U+7D5E,絞
U+7D66,給
U+7D68,絨
U+7D6E,絮
U+7D71,統
U+7D72,絲
U+7D75,絵
U+7D76,絶
U+7D79,絹
U+7D93,經
U+7D99,継
U+7D9A,続
U+7DA2,綢
U+7DAD,維
U+7DB1,綱
U+7DB2,網
U+7DB4,綴
U+7DB8,綸
U+7DBA,綺
U+7DBB,綻
U+7DBD,綽
U+7DBE,綾
U+7DBF,綿
U+7DC7,緇
U+7DCA,緊
U+7DCB,緋
U+7DCF,総
U+7DD1,緑
U+7DD2,緒
U+7DDA,線
U+7DE0,締
U+7DE1,緡
U+7DE8,編
U+7DE9,緩
U+7DEC,緬
U+7DF4,練
U+7DFB,緻
U+7E01,縁
U+7E04,縄
U+7E0A,縊
U+7E11,縑
U+7E1B,縛
U+7E1E,縞
U+7E21,縡
U+7E22,縢
U+7E23,縣
U+7E26,縦
U+7E27,縧
U+7E2B,縫
U+7E2E,縮
U+7E35,縵
U+7E37,縷
U+7E3A,縺
U+7E3B,縻
U+7E3D,總
U+7E3E,績
U+7E41,繁
U+7E45,繅
U+7E46,繆
U+7E4A,繊
U+7E4B,繋
U+7E4D,繍
U+7E54,織
U+7E55,繕
U+7E5E,繞
U+7E61,繡
U+7E69,繩
U+7E6A,繪
U+7E6D,繭
U+7E70,繰
U+7E7B,繻
U+7E7C,繼
U+7E7E,繾
U+7E8C,續
U+7E8F,纏
U+7E92,纒
U+7E94,纔
U+7E9C,纜
U+7F3A,缺
U+7F4C,罌
U+7F54,罔
U+7F5F,罟
U+7F60,罠
U+7F6A,罪
U+7F6E,置
U+7F70,罰
U+7F75,罵
U+7F77,罷
U+7F78,罸
U+7F79,罹
U+7F85,羅
U+7F88,羈
U+7F8A,羊
U+7F8E,美
U+7F94,羔
U+7F99,羙
U+7F9A,羚
U+7F9E,羞
U+7FA3,羣
U+7FA4,群
U+7FA8,羨
U+7FA9,義
U+7FAE,羮
U+7FB2,羲
U+7FB9,羹
U+7FBD,羽
U+7FC1,翁
U+7FC5,翅
U+7FCC,翌
U+7FD2,習
U+7FD4,翔
U+7FE0,翠
U+7FE1,翡
U+7FEB,翫
U+7FF0,翰
U+7FF3,翳
U+7FFA,翺
U+7FFB,翻
U+7FFC,翼
U+8000,耀
U+8001,老
U+8003,考
U+8004,耄
U+8005,者
U+8006,耆
U+800C,而
U+8010,耐
U+8012,耒
U+8015,耕
U+8017,耗
U+8018,耘
U+8026,耦
U+8033,耳
U+8036,耶
U+803B,耻
U+803D,耽
U+804A,聊
U+8056,聖
U+8058,聘
U+805A,聚
U+805E,聞
U+805F,聟
U+8061,聡
U+8062,聢
U+8072,聲
U+8073,聳
U+8074,聴
U+8077,職
U+807D,聽
U+8086,肆
U+8087,肇
U+8089,肉
U+808C,肌
U+8096,肖
U+8098,肘
U+809A,肚
U+809D,肝
U+80A1,股
U+80A2,肢
U+80A5,肥
U+80A9,肩
U+80AF,肯
U+80B1,肱
U+80B2,育
U+80B4,肴
U+80C3,胃
U+80C6,胆
U+80CC,背
U+80CE,胎
U+80DD,胝
U+80DE,胞
U+80E1,胡
U+80E4,胤
U+80ED,胭
U+80EF,胯
U+80F4,胴
U+80F7,胷
U+80F8,胸
U+80FC,胼
U+80FD,能
U+8102,脂
U+8106,脆
U+8107,脇
U+8108,脈
U+8109,脉
U+810A,脊
U+8114,脔
U+811A,脚
U+811B,脛
U+8123,脣
U+8129,脩
U+812F,脯
U+8131,脱
U+8133,脳
U+813E,脾
U+814B,腋
U+814E,腎
U+8150,腐
U+8155,腕
U+8165,腥
U+8166,腦
U+8168,腨
U+816B,腫
U+816E,腮
U+8170,腰
U+8178,腸
U+8179,腹
U+817F,腿
U+8182,膂
U+8188,膈
U+818F,膏
U+819A,膚
U+819D,膝
U+81A0,膠
U+81B3,膳
U+81BD,膽
U+81BE,膾
U+81C2,臂
U+81C6,臆
U+81C8,臈
U+81C9,臉
U+81CD,臍
U+81D1,臑
U+81D3,臓
U+81D8,臘
U+81D9,臙
U+81DA,臚
U+81DF,臟
U+81E3,臣
U+81E5,臥
U+81E8,臨
U+81EA,自
U+81ED,臭
U+81F3,至
U+81F4,致
U+81FA,臺
U+81FB,臻
U+81FC,臼
U+8201,舁
U+8202,舂
U+8205,舅
U+8207,與
U+8208,興
U+820A,舊
U+820C,舌
U+820D,舍
U+820E,舎
U+8210,舐
U+8212,舒
U+8216,舖
U+8217,舗
U+8218,舘
U+821B,舛
U+821C,舜
U+821E,舞
U+821F,舟
U+8229,舩
U+822A,航
U+822C,般
U+8235,舵
U+8236,舶
U+8239,船
U+8258,艘
U+825A,艚
U+8261,艡
U+826A,艪
U+826B,艫
U+826E,艮
U+826F,良
U+8271,艱
U+8272,色
U+8276,艶
U+8277,艷
U+8278,艸
U+827E,艾
U+828B,芋
U+828D,芍
U+8292,芒
U+8299,芙
U+829D,芝
U+829F,芟
U+82A1,芡
U+82A5,芥
U+82A6,芦
U+82AC,芬
U+82AD,芭
U+82B1,花
U+82B3,芳
U+82B8,芸
U+82B9,芹
U+82BD,芽
U+82C5,苅
U+82D1,苑
U+82D3,苓
U+82D4,苔
U+82D7,苗
U+82DB,苛
U+82DE,苞
U+82DF,苟
U+82E1,苡
U+82E3,苣
U+82E5,若
U+82E6,苦
U+82E7,苧
U+82EA,苪
U+82EB,苫
U+82F1,英
U+82F5,苵
U+82FA,苺
U+82FB,苻
U+8302,茂
U+8303,范
U+8304,茄
U+8305,茅
U+830E,茎
U+8317,茗
U+8318,茘
U+831C,茜
U+8328,茨
U+832B,茫
U+8331,茱
U+8332,茲
U+8334,茴
U+8336,茶
U+8338,茸
U+8339,茹
U+833C,茼
U+8345,荅
U+8347,荇
U+8349,草
U+834A,荊
U+8352,荒
U+8358,荘
U+8377,荷
U+837B,荻
U+837C,荼
U+8385,莅
U+838A,莊
U+838E,莎
U+8395,莕
U+8396,莖
U+839A,莚
U+839E,莞
U+839F,莟
U+83A7,莧
U+83A8,莨
U+83AB,莫
U+83B1,莱
U+83B5,莵
U+83BD,莽
U+83BE,莾
U+83C1,菁
U+83C5,菅
U+83CA,菊
U+83CC,菌
U+83D3,菓
U+83D4,菔
U+83D6,菖
U+83D8,菘
U+83DC,菜
U+83DD,菝
U+83DF,菟
U+83E9,菩
U+83EA,菪
U+83EB,菫
U+83EF,華
U+83F0,菰
U+83F1,菱
U+83F4,菴
U+83FD,菽
U+8404,萄
U+8406,萆
U+840A,萊
U+840C,萌
U+840D,萍
U+8413,萓
U+8420,萠
U+8429,萩
U+842C,萬
U+8431,萱
U+8438,萸
U+843C,萼
U+843D,落
U+8449,葉
U+844D,葍
U+844E,葎
U+8457,著
U+845B,葛
U+845C,葜
U+8461,葡
U+8462,葢
U+8463,董
U+8466,葦
U+8469,葩
U+846C,葬
U+846D,葭
U+8471,葱
U+8475,葵
U+8476,葶
U+847A,葺
U+8490,蒐
U+8494,蒔
U+8499,蒙
U+849C,蒜
U+849F,蒟
U+84A1,蒡
U+84B2,蒲
U+84B8,蒸
U+84BB,蒻
U+84BC,蒼
U+84BF,蒿
U+84C9,蓉
U+84CB,蓋
U+84CD,蓍
U+84D9,蓙
U+84EC,蓬
U+84EE,蓮
U+84F4,蓴
U+84FC,蓼
U+8500,蔀
U+8511,蔑
U+8513,蔓
U+8514,蔔
U+8515,蔕
U+8518,蔘
U+851E,蔞
U+8521,蔡
U+8526,蔦
U+852C,蔬
U+852D,蔭
U+8535,蔵
U+853D,蔽
U+8540,蕀
U+8543,蕃
U+8549,蕉
U+854A,蕊
U+854E,蕎
U+8557,蕗
U+8562,蕢
U+8563,蕣
U+8568,蕨
U+8569,蕩
U+856A,蕪
U+856D,蕭
U+8577,蕷
U+857A,蕺
U+857E,蕾
U+8581,薁
U+8584,薄
U+858A,薊
U+858F,薏
U+8591,薑
U+8594,薔
U+8597,薗
U+8599,薙
U+859C,薜
U+85A6,薦
U+85A8,薨
U+85A9,薩
U+85AA,薪
U+85AB,薫
U+85AC,薬
U+85AE,薮
U+85AF,薯
U+85B7,薷
U+85B9,薹
U+85BA,薺
U+85C1,藁
U+85C9,藉
U+85CD,藍
U+85CF,藏
U+85D0,藐
U+85DC,藜
U+85DD,藝
U+85E4,藤
U+85E5,藥
U+85E9,藩
U+85EA,藪
U+85F7,藷
U+85FA,藺
U+85FB,藻
U+85FF,藿
U+8602,蘂
U+8607,蘇
U+860B,蘋
U+8613,蘓
U+8618,蘘
U+8621,蘡
U+8629,蘩
U+862D,蘭
U+8630,蘰
U+863C,蘼
U+863F,蘿
U+864E,虎
U+8650,虐
U+8655,處
U+8657,虗
U+865A,虚
U+865E,虞
U+865F,號
U+8667,虧
U+866B,虫
U+866C,虬
U+866F,虯
U+8671,虱
U+8675,虵
U+8679,虹
U+867B,虻
U+868A,蚊
U+8693,蚓
U+8695,蚕
U+86A2,蚢
U+86A3,蚣
U+86A4,蚤
U+86A9,蚩
U+86AB,蚫
U+86AF,蚯
U+86B0,蚰
U+86B6,蚶
U+86B8,蚸
U+86BA,蚺
U+86C1,蛁
U+86C4,蛄
U+86C7,蛇
U+86C9,蛉
U+86CD,蛍
U+86CE,蛎
U+86D5,蛕
U+86D9,蛙
U+86DB,蛛
U+86DE,蛞
U+86DF,蛟
U+86E4,蛤
U+86E5,蛥
U+86ED,蛭
U+86EE,蛮
U+86EF,蛯
U+86F8,蛸
U+86F9,蛹
U+86FE,蛾
U+8700,蜀
U+8702,蜂
U+8703,蜃
U+8706,蜆
U+8708,蜈
U+870A,蜊
U+870B,蜋
U+870D,蜍
U+8710,蜐
U+8711,蜑
U+8712,蜒
U+8718,蜘
U+871C,蜜
U+8725,蜥
U+8729,蜩
U+8734,蜴
U+8737,蜷
U+873B,蜻
U+873E,蜾
U+873F,蜿
U+8749,蝉
U+874B,蝋
U+874E,蝎
U+8753,蝓
U+8755,蝕
U+8757,蝗
U+8759,蝙
U+8760,蝠
U+8764,蝤
U+8766,蝦
U+876E,蝮
U+8774,蝴
U+8776,蝶
U+8778,蝸
U+877F,蝿
U+8782,螂
U+8787,螇
U+8789,螉
U+878D,融
U+8796,螖
U+87A2,螢
U+87AB,螫
U+87BA,螺
U+87BB,螻
U+87C0,蟀
U+87C4,蟄
U+87C6,蟆
U+87C7,蟇
U+87CB,蟋
U+87D2,蟒
U+87DB,蟛
U+87DF,蟟
U+87E0,蟠
U+87EC,蟬
U+87F2,蟲
U+87F6,蟶
U+87F7,蟷
U+87F9,蟹
U+87FB,蟻
U+87FE,蟾
U+8803,蠃
U+8805,蠅
U+880E,蠎
U+8815,蠕
U+881C,蠜
U+8821,蠡
U+8822,蠢
U+882E,蠮
U+8831,蠱
U+8836,蠶
U+883B,蠻
U+8840,血
U+8846,衆
U+884C,行
U+8852,衒
U+8853,術
U+8857,街
U+885B,衛
U+885D,衝
U+885E,衞
U+8861,衡
U+8862,衢
U+8863,衣
U+8868,表
U+8870,衰
U+8872,衲
U+887D,衽
U+887E,衾
U+887F,衿
U+8881,袁
U+8882,袂
U+8888,袈
U+888B,袋
U+888D,袍
U+8892,袒
U+8896,袖
U+889E,袞
U+88A2,袢
U+88AB,被
U+88B1,袱
U+88B4,袴
U+88B7,袷
U+88BF,袿
U+88C1,裁
U+88C2,裂
U+88C5,装
U+88CF,裏
U+88D2,裒
U+88D4,裔
U+88D5,裕
U+88D8,裘
U+88D9,裙
U+88DC,補
U+88DD,裝
U+88DF,裟
U+88E1,裡
U+88F3,裳
U+88F8,裸
U+88F9,裹
U+88FD,製
U+88FE,裾
U+8901,褁
U+8904,褄
U+890A,褊
U+890C,褌
U+8910,褐
U+8912,褒
U+8913,褓
U+8925,褥
U+8938,褸
U+8941,襁
U+8944,襄
U+894C,襌
U+8956,襖
U+895F,襟
U+8960,襠
U+8972,襲
U+8974,襴
U+8977,襷
U+897F,西
U+8981,要
U+8986,覆
U+8987,覇
U+898B,見
U+898F,規
U+8996,視
U+8997,覗
U+899A,覚
U+89A7,覧
U+89AA,親
U+89B3,観
U+89BA,覺
U+89BD,覽
U+89BF,覿
U+89C0,觀
U+89D2,角
U+89DC,觜
U+89E3,解
U+89E6,触
U+89E7,觧
U+89F4,觴
U+89F8,觸
U+8A00,言
U+8A02,訂
U+8A08,計
U+8A0E,討
U+8A13,訓
U+8A17,託
U+8A18,記
U+8A1B,訛
U+8A1D,訝
U+8A1F,訟
U+8A23,訣
U+8A25,訥
U+8A2A,訪
U+8A2D,設
U+8A31,許
U+8A33,訳
U+8A34,訴
U+8A3B,註
U+8A3C,証
U+8A48,詈
U+8A50,詐
U+8A54,詔
U+8A55,評
U+8A5B,詛
U+8A5E,詞
U+8A60,詠
U+8A63,詣
U+8A66,試
U+8A69,詩
U+8A6B,詫
U+8A6E,詮
U+8A70,詰
U+8A71,話
U+8A73,詳
U+8A75,詵
U+8A82,誂
U+8A85,誅
U+8A87,誇
U+8A89,誉
U+8A8C,誌
U+8A8D,認
U+8A91,誑
U+8A93,誓
U+8A95,誕
U+8A98,誘
U+8A9E,語
U+8AA0,誠
U+8AA1,誡
U+8AA4,誤
U+8AA5,誥
U+8AA6,誦
U+8AA8,誨
U+8AAC,説
U+8AAD,読
U+8AB0,誰
U+8AB2,課
U+8AB9,誹
U+8ABC,誼
U+8ABF,調
U+8AC7,談
U+8ACB,請
U+8ACC,諌
U+8ACD,諍
U+8ACF,諏
U+8AD6,論
U+8ADA,諚
U+8ADB,諛
U+8ADC,諜
U+8AE2,諢
U+8AE6,諦
U+8AE7,諧
U+8AEB,諫
U+8AED,諭
U+8AF1,諱
U+8AF7,諷
U+8AF8,諸
U+8AFA,諺
U+8AFE,諾
U+8B00,謀
U+8B01,謁
U+8B02,謂
U+8B0C,謌
U+8B0E,謎
U+8B10,謐
U+8B17,謗
U+8B19,謙
U+8B1B,講
U+8B1D,謝
U+8B20,謠
U+8B21,謡
U+8B28,謨
U+8B2B,謫
U+8B2C,謬
U+8B39,謹
U+8B49,證
U+8B4F,譏
U+8B58,識
U+8B5A,譚
U+8B5C,譜
U+8B6C,譬
U+8B70,議
U+8B72,譲
U+8B77,護
U+8B7D,譽
U+8B80,讀
U+8B83,讃
U+8B8A,變
U+8B90,讐
U+8B92,讒
U+8B93,讓
U+8B9A,讚
U+8C37,谷
U+8C3A,谺
U+8C3F,谿
U+8C46,豆
U+8C48,豈
U+8C49,豉
U+8C4A,豊
U+8C4C,豌
U+8C50,豐
U+8C55,豕
U+8C5A,豚
U+8C61,象
U+8C62,豢
U+8C6A,豪
U+8C6B,豫
U+8C7A,豺
U+8C8A,貊
U+8C8C,貌
U+8C9D,貝
U+8C9E,貞
U+8C9F,貟
U+8CA0,負
U+8CA1,財
U+8CA2,貢
U+8CA7,貧
U+8CA8,貨
U+8CA9,販
U+8CAA,貪
U+8CAB,貫
U+8CAC,責
U+8CAE,貮
U+8CAF,貯
U+8CB0,貰
U+8CB3,貳
U+8CB4,貴
U+8CB6,貶
U+8CB7,買
U+8CB8,貸
U+8CBB,費
U+8CBC,貼
U+8CBF,貿
U+8CC0,賀
U+8CC2,賂
U+8CC3,賃
U+8CC4,賄
U+8CC7,資
U+8CC8,賈
U+8CCA,賊
U+8CCE,賎
U+8CD1,賑
U+8CD3,賓
U+8CD4,賔
U+8CDB,賛
U+8CDC,賜
U+8CDE,賞
U+8CE0,賠
U+8CE2,賢
U+8CE3,賣
U+8CE4,賤
U+8CE6,賦
U+8CEA,質
U+8CED,賭
U+8CFA,賺
U+8CFD,賽
U+8D04,贄
U+8D05,贅
U+8D08,贈
U+8D0B,贋
U+8D0F,贏
U+8D14,贔
U+8D16,贖
U+8D64,赤
U+8D66,赦
U+8D67,赧
U+8D6B,赫
U+8D70,走
U+8D74,赴
U+8D77,起
U+8D81,趁
U+8D85,超
U+8D8A,越
U+8D99,趙
U+8DA3,趣
U+8DB3,足
U+8DBE,趾
U+8DCB,跋
U+8DCC,跌
U+8DCF,跏
U+8DD6,跖
U+8DDD,距
U+8DDF,跟
U+8DE1,跡
U+8DE8,跨
U+8DEA,跪
U+8DEF,路
U+8DF3,跳
U+8DFC,跼
U+8E06,踆
U+8E08,踈
U+8E0A,踊
U+8E0F,踏
U+8E1D,踝
U+8E1E,踞
U+8E2A,踪
U+8E30,踰
U+8E44,蹄
U+8E47,蹇
U+8E48,蹈
U+8E49,蹉
U+8E4A,蹊
U+8E5F,蹟
U+8E64,蹤
U+8E72,蹲
U+8E74,蹴
U+8E81,躁
U+8E87,躇
U+8E8A,躊
U+8E8D,躍
U+8EA1,躡
U+8EAB,身
U+8EAC,躬
U+8EAF,躯
U+8EB0,躰
U+8EB1,躱
U+8EBE,躾
U+8EC0,軀
U+8EC6,軆
U+8EC8,軈
U+8ECA,車
U+8ECD,軍
U+8ED2,軒
U+8EE2,転
U+8EF0,軰
U+8EF8,軸
U+8EFD,軽
U+8F03,較
U+8F09,載
U+8F12,輒
U+8F14,輔
U+8F15,輕
U+8F19,輙
U+8F1B,輛
U+8F1D,輝
U+8F29,輩
U+8F2A,輪
U+8F2F,輯
U+8F3E,輾
U+8F3F,輿
U+8F46,轆
U+8F49,轉
U+8F4D,轍
U+8F4E,轎
U+8F5F,轟
U+8F61,轡
U+8F64,轤
U+8F9B,辛
U+8F9C,辜
U+8F9E,辞
U+8F9F,辟
U+8FA4,辤
U+8FA8,辨
U+8FAD,辭
U+8FAF,辯
U+8FB0,辰
U+8FB1,辱
U+8FB2,農
U+8FB7,辷
U+8FBA,辺
U+8FBB,辻
U+8FBC,込
U+8FC2,迂
U+8FC4,迄
U+8FCE,迎
U+8FD1,近
U+8FD4,返
U+8FDA,迚
U+8FE6,迦
U+8FE9,迩
U+8FEB,迫
U+8FED,迭
U+8FEF,迯
U+8FF0,述
U+8FF7,迷
U+8FF9,迹
U+8FFA,迺
U+8FFD,追
U+9000,退
U+9001,送
U+9003,逃
U+9005,逅
U+9006,逆
U+9008,逈
U+900D,逍
U+900F,透
U+9010,逐
U+9013,逓
U+9014,途
U+9017,逗
U+9019,這
U+901A,通
U+901D,逝
U+901E,逞
U+901F,速
U+9020,造
U+9022,逢
U+9023,連
U+9030,逰
U+9032,進
U+9038,逸
U+903C,逼
U+9041,遁
U+9042,遂
U+9045,遅
U+9047,遇
U+904A,遊
U+904B,運
U+904D,遍
U+904E,過
U+9051,遑
U+9053,道
U+9054,達
U+9055,違
U+9056,遖
U+9059,遙
U+9060,遠
U+9063,遣
U+9065,遥
U+9069,適
U+906D,遭
U+906E,遮
U+9072,遲
U+9075,遵
U+9076,遶
U+9077,遷
U+9078,選
U+907A,遺
U+907D,遽
U+907F,避
U+9082,邂
U+9084,還
U+9088,邈
U+9089,邉
U+908A,邊
U+9091,邑
U+90A3,那
U+90A6,邦
U+90A8,邨
U+90AA,邪
U+90AF,邯
U+90C1,郁
U+90CA,郊
U+90CE,郎
U+90DB,郛
U+90E1,郡
U+90E8,部
U+90ED,郭
U+90F7,郷
U+90FD,都
U+9115,鄕
U+9119,鄙
U+912D,鄭
U+9130,鄰
U+9132,鄲
U+9149,酉
U+914C,酌
U+914D,配
U+914E,酎
U+9152,酒
U+9154,酔
U+9156,酖
U+9162,酢
U+9169,酩
U+916C,酬
U+9174,酴
U+9177,酷
U+9178,酸
U+9189,醉
U+918D,醍
U+9190,醐
U+9192,醒
U+919C,醜
U+91A2,醢
U+91A4,醤
U+91AA,醪
U+91AB,醫
U+91AC,醬
U+91AD,醭
U+91AF,醯
U+91B4,醴
U+91B8,醸
U+91BC,醼
U+91BF,醿
U+91C0,釀
U+91C4,釄
U+91C7,采
U+91C8,釈
U+91CB,釋
U+91CC,里
U+91CD,重
U+91CE,野
U+91CF,量
U+91D1,金
U+91D8,釘
U+91DC,釜
U+91DD,針
U+91E1,釡
U+91E3,釣
U+91E7,釧
U+91F5,釵
U+91FF,釿
U+9206,鈆
U+920D,鈍
U+920E,鈎
U+9214,鈔
U+922C,鈬
U+9234,鈴
U+9237,鈷
U+9244,鉄
U+924B,鉋
U+925B,鉛
U+9262,鉢
U+9264,鉤
U+9266,鉦
U+927E,鉾
U+9280,銀
U+9283,銃
U+9285,銅
U+9295,銕
U+9298,銘
U+929A,銚
U+929C,銜
U+92AD,銭
U+92D2,鋒
U+92E4,鋤
U+92EA,鋪
U+92ED,鋭
U+92F2,鋲
U+92F3,鋳
U+92F8,鋸
U+9304,錄
U+9306,錆
U+9310,錐
U+9320,錠
U+9322,錢
U+9326,錦
U+932B,錫
U+932C,錬
U+932F,錯
U+9332,録
U+934B,鍋
U+9354,鍔
U+935B,鍛
U+936B,鍫
U+936C,鍬
U+936E,鍮
U+937C,鍼
U+937E,鍾
U+938C,鎌
U+9394,鎔
U+9396,鎖
U+9397,鎗
U+939A,鎚
U+93A7,鎧
U+93AD,鎭
U+93AE,鎮
U+93B0,鎰
U+93C3,鏃
U+93CA,鏊
U+93D0,鏐
U+93D1,鏑
U+93E1,鏡
U+93E4,鏤
U+93E5,鏥
U+9403,鐃
U+9410,鐐
U+9418,鐘
U+9419,鐙
U+942B,鐫
U+9435,鐵
U+9444,鑄
U+9451,鑑
U+9453,鑓
U+945B,鑛
U+9470,鑰
U+9475,鑵
U+947D,鑽
U+947F,鑿
U+9577,長
U+9580,門
U+9583,閃
U+9589,閉
U+958B,開
U+958F,閏
U+9591,閑
U+9592,閒
U+9593,間
U+9594,閔
U+9599,閙
U+95A2,関
U+95A3,閣
U+95A4,閤
U+95A7,閧
U+95A8,閨
U+95B2,閲
U+95BB,閻
U+95BC,閼
U+95C7,闇
U+95CA,闊
U+95CC,闌
U+95CD,闍
U+95D5,闕
U+95D6,闖
U+95DC,關
U+95E2,闢
U+961C,阜
U+961D,阝
U+962A,阪
U+9632,防
U+963B,阻
U+963F,阿
U+9640,陀
U+9644,附
U+964B,陋
U+964C,陌
U+964D,降
U+9650,限
U+9662,院
U+9663,陣
U+9664,除
U+9665,陥
U+966A,陪
U+9670,陰
U+9673,陳
U+9675,陵
U+9676,陶
U+9677,陷
U+9678,陸
U+967A,険
U+967D,陽
U+9682,隂
U+9685,隅
U+9686,隆
U+9688,隈
U+968A,隊
U+968B,隋
U+968E,階
U+968F,随
U+9694,隔
U+9698,隘
U+9699,隙
U+969B,際
U+969C,障
U+96A0,隠
U+96A3,隣
U+96A8,隨
U+96AA,險
U+96B1,隱
U+96B7,隷
U+96BA,隺
U+96BB,隻
U+96BC,隼
U+96C0,雀
U+96C1,雁
U+96C4,雄
U+96C5,雅
U+96C6,集
U+96C7,雇
U+96C9,雉
U+96CB,雋
U+96CC,雌
U+96CE,雎
U+96D1,雑
U+96D5,雕
U+96D6,雖
U+96D9,雙
U+96DB,雛
U+96DC,雜
U+96DE,雞
U+96E2,離
U+96E3,難
U+96E8,雨
U+96EA,雪
U+96EB,雫
U+96F2,雲
U+96F6,零
U+96F7,雷
U+96F9,雹
U+96FB,電
U+9700,需
U+9704,霄
U+9707,震
U+970A,霊
U+970E,霎
U+970F,霏
U+9716,霖
U+971C,霜
U+971E,霞
U+9724,霤
U+9727,霧
U+9730,霰
U+9732,露
U+9739,霹
U+973D,霽
U+9742,靂
U+9748,靈
U+974D,靍
U+9752,青
U+9756,靖
U+9759,静
U+975C,靜
U+975E,非
U+9761,靡
U+9762,面
U+9763,靣
U+9768,靨
U+9769,革
U+976A,靪
U+976D,靭
U+9771,靱
U+977C,靼
U+9781,鞁
U+9785,鞅
U+9786,鞆
U+978B,鞋
U+978D,鞍
U+9798,鞘
U+97A0,鞠
U+97AD,鞭
U+97C3,韃
U+97D3,韓
U+97ED,韭
U+97EE,韮
U+97F3,音
U+97FB,韻
U+97FF,響
U+9801,頁
U+9802,頂
U+9803,頃
U+9805,項
U+9806,順
U+9808,須
U+980A,頊
U+980C,頌
U+9810,預
U+9811,頑
U+9813,頓
U+9817,頗
U+9818,領
U+9821,頡
U+9825,頥
U+982C,頬
U+982D,頭
U+9830,頰
U+9834,頴
U+9837,頷
U+9838,頸
U+983B,頻
U+983C,頼
U+983D,頽
U+9846,顆
U+984B,顋
U+984C,題
U+984D,額
U+984F,顏
U+9854,顔
U+9855,顕
U+9858,願
U+9859,顙
U+985A,顚
U+985B,顛
U+985E,類
U+9867,顧
U+986F,顯
U+9870,顰
U+9871,顱
U+98A8,風
U+98AA,颪
U+98AD,颭
U+98AF,颯
U+98C4,飄
U+98DB,飛
U+98DC,飜
U+98DF,食
U+98E2,飢
U+98E9,飩
U+98EE,飮
U+98EF,飯
U+98F2,飲
U+98F4,飴
U+98FC,飼
U+98FD,飽
U+98FE,飾
U+9903,餃
U+9905,餅
U+9909,餉
U+990A,養
U+990C,餌
U+9910,餐
U+9913,餓
U+9918,餘
U+991D,餝
U+9921,餡
U+9928,館
U+992C,餬
U+992E,餮
U+9932,餲
U+9939,餹
U+993B,餻
U+9940,饀
U+9942,饂
U+9945,饅
U+9949,饉
U+994B,饋
U+9951,饑
U+9952,饒
U+9955,饕
U+9957,饗
U+9958,饘
U+9996,首
U+9999,香
U+99A8,馨
U+99AC,馬
U+99AD,馭
U+99B3,馳
U+99B4,馴
U+99C4,駄
U+99C5,駅
U+99C6,駆
U+99C8,駈
U+99D0,駐
U+99D1,駑
U+99D2,駒
U+99D5,駕
U+99DD,駝
U+99DF,駟
U+99ED,駭
U+99FF,駿
U+9A0E,騎
U+9A12,騒
U+9A13,験
U+9A19,騙
U+9A28,騨
U+9A2B,騫
U+9A30,騰
U+9A37,騷
U+9A40,驀
U+9A43,驃
U+9A45,驅
U+9A4D,驍
U+9A55,驕
U+9A57,驗
U+9A5A,驚
U+9A5B,驛
U+9A62,驢
U+9A65,驥
U+9A69,驩
U+9A6A,驪
U+9A6B,驫
U+9AA8,骨
U+9AB8,骸
U+9AC4,髄
U+9AD3,髓
U+9AD4,體
U+9AD8,高
U+9AD9,髙
U+9AE6,髦
U+9AE9,髩
U+9AEA,髪
U+9AEB,髫
U+9AED,髭
U+9AEE,髮
U+9AEF,髯
U+9AF1,髱
U+9AF7,髷
U+9AFB,髻
U+9B0C,鬌
U+9B12,鬒
U+9B18,鬘
U+9B1A,鬚
U+9B1B,鬛
U+9B1F,鬟
U+9B22,鬢
U+9B23,鬣
U+9B27,鬧
U+9B28,鬨
U+9B29,鬩
U+9B2A,鬪
U+9B2E,鬮
U+9B31,鬱
U+9B3B,鬻
U+9B3C,鬼
U+9B41,魁
U+9B42,魂
U+9B44,魄
U+9B45,魅
U+9B4F,魏
U+9B51,魑
U+9B54,魔
U+9B58,魘
U+9B5A,魚
U+9B5F,魟
U+9B66,魦
U+9B6F,魯
U+9B73,魳
U+9B7C,魼
U+9B85,鮅
U+9B87,鮇
U+9B8E,鮎
U+9B91,鮑
U+9B92,鮒
U+9B93,鮓
U+9B97,鮗
U+9B9F,鮟
U+9BA0,鮠
U+9BA5,鮥
U+9BA6,鮦
U+9BA7,鮧
U+9BA8,鮨
U+9BAA,鮪
U+9BAB,鮫
U+9BAC,鮬
U+9BAD,鮭
U+9BAE,鮮
U+9BB2,鮲
U+9BB9,鮹
U+9BC9,鯉
U+9BCA,鯊
U+9BCE,鯎
U+9BD1,鯑
U+9BD2,鯒
U+9BD4,鯔
U+9BD6,鯖
U+9BDB,鯛
U+9BE8,鯨
U+9BEF,鯯
U+9BF0,鯰
U+9BF1,鯱
U+9BF2,鯲
U+9BF5,鯵
U+9BF7,鯷
U+9C06,鰆
U+9C08,鰈
U+9C0A,鰊
U+9C0C,鰌
U+9C10,鰐
U+9C12,鰒
U+9C14,鰔
U+9C15,鰕
U+9C1B,鰛
U+9C23,鰣
U+9C24,鰤
U+9C25,鰥
U+9C29,鰩
U+9C2D,鰭
U+9C2F,鰯
U+9C32,鰲
U+9C36,鰶
U+9C39,鰹
U+9C3A,鰺
U+9C3B,鰻
U+9C3E,鰾
U+9C41,鱁
U+9C45,鱅
U+9C46,鱆
U+9C47,鱇
U+9C48,鱈
U+9C4A,鱊
U+9C4F,鱏
U+9C52,鱒
U+9C57,鱗
U+9C5A,鱚
U+9C5D,鱝
U+9C60,鱠
U+9C63,鱣
U+9C67,鱧
U+9C6A,鱪
U+9C6E,鱮
U+9C72,鱲
U+9C76,鱶
U+9C78,鱸
U+9C7A,鱺
U+9CE5,鳥
U+9CE7,鳧
U+9CE9,鳩
U+9CEB,鳫
U+9CF0,鳰
U+9CF3,鳳
U+9CF4,鳴
U+9CF6,鳶
U+9CFD,鳽
U+9D03,鴃
U+9D06,鴆
U+9D08,鴈
U+9D12,鴒
U+9D1E,鴞
U+9D28,鴨
U+9D2B,鴫
U+9D2C,鴬
U+9D3B,鴻
U+9D3D,鴽
U+9D3F,鴿
U+9D46,鵆
U+9D49,鵉
U+9D50,鵐
U+9D51,鵑
U+9D59,鵙
U+9D5C,鵜
U+9D5D,鵝
U+9D5E,鵞
U+9D72,鵲
U+9D7A,鵺
U+9D86,鶆
U+9D89,鶉
U+9D8D,鶍
U+9D8F,鶏
U+9D9A,鶚
U+9DAB,鶫
U+9DAF,鶯
U+9DB4,鶴
U+9DBA,鶺
U+9DC2,鷂
U+9DC3,鷃
U+9DC4,鷄
U+9DC9,鷉
U+9DD7,鷗
U+9DE6,鷦
U+9DEF,鷯
U+9DF2,鷲
U+9DF9,鷹
U+9DFA,鷺
U+9E0A,鸊
U+9E1B,鸛
U+9E1E,鸞
U+9E75,鹵
U+9E7D,鹽
U+9E7F,鹿
U+9E81,麁
U+9E88,麈
U+9E8B,麋
U+9E8C,麌
U+9E92,麒
U+9E93,麓
U+9E95,麕
U+9E97,麗
U+9E9D,麝
U+9E9F,麟
U+9EA5,麥
U+9EA6,麦
U+9EA9,麩
U+9EAA,麪
U+9EB4,麴
U+9EB5,麵
U+9EB8,麸
U+9EB9,麹
U+9EBA,麺
U+9EBB,麻
U+9EBF,麿
U+9EC4,黄
U+9ECD,黍
U+9ECE,黎
U+9ECF,黏
U+9ED0,黐
U+9ED2,黒
U+9ED8,默
U+9ED9,黙
U+9EDB,黛
U+9EDE,點
U+9EE0,黠
U+9EE8,黨
U+9EEF,黯
U+9EFD,黽
U+9EFF,黿
U+9F07,鼇
U+9F08,鼈
U+9F0E,鼎
U+9F13,鼓
U+9F20,鼠
U+9F21,鼡
U+9F2B,鼫
U+9F2C,鼬
U+9F34,鼴
U+9F3A,鼺
U+9F3B,鼻
U+9F3E,鼾
U+9F4A,齊
U+9F4B,齋
U+9F52,齒
U+9F5F,齟
U+9F61,齡
U+9F62,齢
U+9F63,齣
U+9F6C,齬
U+9F8D,龍
U+9F90,龐
U+9F9C,龜
U+9F9D,龝
U+F996,練
U+F999,蓮
U+F9DC,隆
U+FA11,﨑
U+FA17,益
U+FA1D,精
U+FA1F,﨟
U+FA31,僧
U+FA38,器
U+FA3B,層
U+FA3F,憎
U+FA45,海
U+FA4A,琢
U+FA4E,祈
U+FA55,突
U+FA5C,臭
U+FA65,贈
U+FA68,難
U+FF0D,－
U+FF2F,Ｏ
